mean_fit_time,std_fit_time,mean_score_time,std_score_time,param_classifier__max_depth,param_classifier__max_features,param_classifier__min_samples_leaf,param_classifier__min_samples_split,param_classifier__n_estimators,params,split0_test_score,split1_test_score,split2_test_score,split3_test_score,split4_test_score,mean_test_score,std_test_score,rank_test_score,split0_train_score,split1_train_score,split2_train_score,split3_train_score,split4_train_score,mean_train_score,std_train_score
1.224259090423584,0.13318554129888088,0.2580662727355957,0.07003024764914123,,log2,1,10,100,"{'classifier__max_depth': None, 'classifier__max_features': 'log2', 'classifier__min_samples_leaf': 1, 'classifier__min_samples_split': 10, 'classifier__n_estimators': 100}",0.5193460646074461,0.5037030043332164,0.4847298602590097,0.5231958426920914,0.5276464815733385,0.5117242506930204,0.015724149672487323,1,0.9559505399262141,0.9482423893962887,0.9519261009564878,0.9532741043430929,0.9552489631638905,0.9529284195571947,0.0027423038990186514
1.7501070976257325,0.11404799626149223,0.3112082004547119,0.029046569080860965,,log2,1,10,200,"{'classifier__max_depth': None, 'classifier__max_features': 'log2', 'classifier__min_samples_leaf': 1, 'classifier__min_samples_split': 10, 'classifier__n_estimators': 200}",0.515074615252019,0.5091350742495265,0.48280984009487193,0.5339811815992807,0.4979223588342441,0.5077846140059885,0.017101060924342767,2,0.957893846204905,0.9552350229780927,0.96230889940088,0.9682577108957412,0.9630056164038833,0.9613402191767004,0.004488083962410654
1.3208469867706298,0.1754036951317424,0.42274913787841795,0.11676830162636165,,sqrt,1,10,100,"{'classifier__max_depth': None, 'classifier__max_features': 'sqrt', 'classifier__min_samples_leaf': 1, 'classifier__min_samples_split': 10, 'classifier__n_estimators': 100}",0.5165462277356417,0.5050694214732595,0.47395792287642363,0.5214671920735194,0.5194051165282662,0.5072891761374221,0.017603436632934545,3,0.9727343277088029,0.9630465665530384,0.9694871033689529,0.9688968168228174,0.9694665910464528,0.9687262811000128,0.003145777701231013
1.6368581771850585,0.16471498162111006,0.5073812961578369,0.15782678801528782,,sqrt,1,10,200,"{'classifier__max_depth': None, 'classifier__max_features': 'sqrt', 'classifier__min_samples_leaf': 1, 'classifier__min_samples_split': 10, 'classifier__n_estimators': 200}",0.5132902857418661,0.5058093102353682,0.4585968324627569,0.5279056753941195,0.518042611246467,0.5047289430161156,0.024153882057230416,4,0.9792168316219039,0.9663172202615428,0.9746696845773114,0.9798796563613573,0.9792275653462724,0.9758621916336775,0.005123434865176651
0.8586139678955078,0.1747123346485454,0.31017699241638186,0.0948316353069951,10,sqrt,1,2,100,"{'classifier__max_depth': 10, 'classifier__max_features': 'sqrt', 'classifier__min_samples_leaf': 1, 'classifier__min_samples_split': 2, 'classifier__n_estimators': 100}",0.479973123832898,0.5042840419303488,0.46577407864849724,0.5198536622327619,0.5444688386548852,0.5028707490598782,0.028004578165634002,5,0.9225594055337131,0.9158094322500355,0.9080003368451052,0.9060944649922614,0.9363884502705316,0.9177704179783295,0.011001757648197226
1.9789720535278321,0.13263501581386347,0.2988592147827148,0.021256130372557126,,log2,5,2,200,"{'classifier__max_depth': None, 'classifier__max_features': 'log2', 'classifier__min_samples_leaf': 5, 'classifier__min_samples_split': 2, 'classifier__n_estimators': 200}",0.5294120910643395,0.4699053200233369,0.4530428124037796,0.4958490856928357,0.5199717038551648,0.4936362026078912,0.02894597653853185,6,0.7845023751602462,0.7786291968980809,0.7785001098089969,0.7792191464944995,0.787278711513224,0.7816259079750095,0.0035992122356620177
1.8072731494903564,0.12176069522434337,0.13188819885253905,0.007072482741684598,,log2,5,10,200,"{'classifier__max_depth': None, 'classifier__max_features': 'log2', 'classifier__min_samples_leaf': 5, 'classifier__min_samples_split': 10, 'classifier__n_estimators': 200}",0.5294120910643395,0.4699053200233369,0.4530428124037796,0.4958490856928357,0.5199717038551648,0.4936362026078912,0.02894597653853185,6,0.7845023751602462,0.7786291968980809,0.7785001098089969,0.7792191464944995,0.787278711513224,0.7816259079750095,0.0035992122356620177
1.536727237701416,0.13043770549173722,0.4191608905792236,0.08926028872271606,10,sqrt,1,2,200,"{'classifier__max_depth': 10, 'classifier__max_features': 'sqrt', 'classifier__min_samples_leaf': 1, 'classifier__min_samples_split': 2, 'classifier__n_estimators': 200}",0.4759131570726183,0.4834044349245536,0.44504779163741,0.5321046508204511,0.5220512302442529,0.49170425293985714,0.03177483988776671,8,0.9234453040534073,0.9234569227448896,0.9247230920975684,0.9128964512693244,0.9312967692223082,0.9231637078774997,0.0059018674266215305
1.6788689613342285,0.12420823483940763,0.40326452255249023,0.08904630907716991,,sqrt,5,2,200,"{'classifier__max_depth': None, 'classifier__max_features': 'sqrt', 'classifier__min_samples_leaf': 5, 'classifier__min_samples_split': 2, 'classifier__n_estimators': 200}",0.510826487279302,0.47933163048920013,0.4355528358635084,0.49648272204863203,0.5266716810321461,0.48977307134255776,0.031300577485808126,9,0.8227087349311786,0.8068674838766183,0.8163376145138356,0.8101197859312051,0.8213984129843546,0.8154864064474385,0.006179398793392946
1.687551784515381,0.15883315751310556,0.5951971054077149,0.10405227731039826,,sqrt,5,10,200,"{'classifier__max_depth': None, 'classifier__max_features': 'sqrt', 'classifier__min_samples_leaf': 5, 'classifier__min_samples_split': 10, 'classifier__n_estimators': 200}",0.510826487279302,0.47933163048920013,0.4355528358635084,0.49648272204863203,0.5266716810321461,0.48977307134255776,0.031300577485808126,9,0.8227087349311786,0.8068674838766183,0.8163376145138356,0.8101197859312051,0.8213984129843546,0.8154864064474385,0.006179398793392946
1.6784464359283446,0.11586873816983215,0.41665191650390626,0.03552998750919862,,sqrt,1,2,200,"{'classifier__max_depth': None, 'classifier__max_features': 'sqrt', 'classifier__min_samples_leaf': 1, 'classifier__min_samples_split': 2, 'classifier__n_estimators': 200}",0.48797586010283395,0.4779344502408868,0.4670532268147376,0.5168451193961197,0.4904726784860492,0.4880562670081255,0.016602544404719408,11,1.0,1.0,1.0,1.0,1.0,1.0,0.0
1.108757734298706,0.07286050237831637,0.326505184173584,0.08331500018949924,,sqrt,1,2,100,"{'classifier__max_depth': None, 'classifier__max_features': 'sqrt', 'classifier__min_samples_leaf': 1, 'classifier__min_samples_split': 2, 'classifier__n_estimators': 100}",0.4907980536553585,0.4796044522754241,0.46802392628227246,0.5257457097681527,0.4556124287537686,0.4839569141469953,0.02395545244025869,12,1.0,1.0,1.0,1.0,1.0,1.0,0.0
1.1926623344421388,0.0658774732697863,0.20010790824890137,0.04673523234142465,,log2,5,10,100,"{'classifier__max_depth': None, 'classifier__max_features': 'log2', 'classifier__min_samples_leaf': 5, 'classifier__min_samples_split': 10, 'classifier__n_estimators': 100}",0.5214910964311981,0.45735948447392066,0.44335821776091827,0.47406509989089174,0.5198175367520094,0.4832182870617876,0.03207988979484893,13,0.7704807707343813,0.7536744788189734,0.7598952251250579,0.7602755854736838,0.7772004409100903,0.7643053002124374,0.008403842174046904
1.0709274291992188,0.1617071554263222,0.231660795211792,0.025254025428223553,,log2,5,2,100,"{'classifier__max_depth': None, 'classifier__max_features': 'log2', 'classifier__min_samples_leaf': 5, 'classifier__min_samples_split': 2, 'classifier__n_estimators': 100}",0.5214910964311981,0.45735948447392066,0.44335821776091827,0.47406509989089174,0.5198175367520094,0.4832182870617876,0.03207988979484893,13,0.7704807707343813,0.7536744788189734,0.7598952251250579,0.7602755854736838,0.7772004409100903,0.7643053002124374,0.008403842174046904
1.085371971130371,0.1486238412220559,0.5834063053131103,0.12559151798220294,,log2,1,2,100,"{'classifier__max_depth': None, 'classifier__max_features': 'log2', 'classifier__min_samples_leaf': 1, 'classifier__min_samples_split': 2, 'classifier__n_estimators': 100}",0.5081356828780201,0.4851954164108861,0.43087625213449227,0.5247533230565359,0.464412595131285,0.48267465392224385,0.03299033147506714,15,1.0,1.0,1.0,1.0,1.0,1.0,0.0
0.9896241188049316,0.08909343447355238,0.34854626655578613,0.06569960244160947,10,log2,1,2,100,"{'classifier__max_depth': 10, 'classifier__max_features': 'log2', 'classifier__min_samples_leaf': 1, 'classifier__min_samples_split': 2, 'classifier__n_estimators': 100}",0.5048009274461739,0.459433713451632,0.4513649395244248,0.492701731365947,0.5036545193963564,0.4823911662369068,0.02258453772262112,16,0.9097982721737212,0.9138338917443342,0.9122503545748977,0.8988679729666619,0.9336822472126703,0.9136865477344571,0.011283804355418278
1.449357271194458,0.15959950579900187,0.39188661575317385,0.09280132910768045,10,log2,1,2,200,"{'classifier__max_depth': 10, 'classifier__max_features': 'log2', 'classifier__min_samples_leaf': 1, 'classifier__min_samples_split': 2, 'classifier__n_estimators': 200}",0.4971297366651375,0.463547429148736,0.4323110562237495,0.49641691044029895,0.5185016460792177,0.48158135571142796,0.030258019082917528,17,0.9318488505594801,0.933128942403083,0.9300796035942192,0.9193314769660059,0.9377807356775514,0.9304339218400678,0.006109511539880363
1.122251033782959,0.13749992665439206,0.4138967037200928,0.06833014474472339,,sqrt,5,2,100,"{'classifier__max_depth': None, 'classifier__max_features': 'sqrt', 'classifier__min_samples_leaf': 5, 'classifier__min_samples_split': 2, 'classifier__n_estimators': 100}",0.4877196063901812,0.4647065913085607,0.451488779897298,0.48627601374161006,0.5174030748663102,0.48151881324079204,0.022508730455559213,18,0.8075601811160792,0.7992024029185175,0.7995236985222821,0.8020544258462884,0.816834495496669,0.8050350407799673,0.006616374968448908
1.0226704597473144,0.1165631399729647,0.3151846408843994,0.07659225176575538,,sqrt,5,10,100,"{'classifier__max_depth': None, 'classifier__max_features': 'sqrt', 'classifier__min_samples_leaf': 5, 'classifier__min_samples_split': 10, 'classifier__n_estimators': 100}",0.4877196063901812,0.4647065913085607,0.451488779897298,0.48627601374161006,0.5174030748663102,0.48151881324079204,0.022508730455559213,18,0.8075601811160792,0.7992024029185175,0.7995236985222821,0.8020544258462884,0.816834495496669,0.8050350407799673,0.006616374968448908
1.826967477798462,0.27519414215806226,0.48191609382629397,0.11768378966131725,,log2,1,2,200,"{'classifier__max_depth': None, 'classifier__max_features': 'log2', 'classifier__min_samples_leaf': 1, 'classifier__min_samples_split': 2, 'classifier__n_estimators': 200}",0.49048929978690037,0.48617924364193016,0.4383623242496881,0.49866227683814895,0.464664879533071,0.47567160480994775,0.021779237708453032,20,1.0,1.0,1.0,1.0,1.0,1.0,0.0
1.6067644596099853,0.11819114167054089,0.3640406608581543,0.10659813061890529,10,log2,1,10,200,"{'classifier__max_depth': 10, 'classifier__max_features': 'log2', 'classifier__min_samples_leaf': 1, 'classifier__min_samples_split': 10, 'classifier__n_estimators': 200}",0.4881396704504127,0.4509150141387557,0.4397389481707317,0.4706155713787998,0.5139859185030395,0.4726790245283478,0.02648875112098763,21,0.7799575273076043,0.7878564170290291,0.7839586169837465,0.7555642952610516,0.7920802191214623,0.7798834151405788,0.012809083814637176
1.49354248046875,0.13160428079355924,0.32242355346679685,0.03810830604914442,10,sqrt,1,10,200,"{'classifier__max_depth': 10, 'classifier__max_features': 'sqrt', 'classifier__min_samples_leaf': 1, 'classifier__min_samples_split': 10, 'classifier__n_estimators': 200}",0.4970705578743126,0.4701268491191391,0.4208078119855583,0.4555567413952936,0.5075890303203662,0.47023019813893396,0.030899775143536905,22,0.7926094357481365,0.7930357451715548,0.7997475498329046,0.7884482037411796,0.808524429512838,0.7964730728013227,0.0070299194072777635
0.9387729167938232,0.06502028447304219,0.27224245071411135,0.08574333528812238,10,log2,1,10,100,"{'classifier__max_depth': 10, 'classifier__max_features': 'log2', 'classifier__min_samples_leaf': 1, 'classifier__min_samples_split': 10, 'classifier__n_estimators': 100}",0.47348582418811064,0.4320110931598568,0.42869641875349324,0.48948447681436974,0.4986036285537545,0.46445628829391694,0.0290015259692877,23,0.7707015258857991,0.7701837075424223,0.7641297671985073,0.7459068957985534,0.7834970689481288,0.7668837930746821,0.012239937356200978
1.0524162769317627,0.13495191877162158,0.3043114185333252,0.04561609598911816,10,sqrt,1,10,100,"{'classifier__max_depth': 10, 'classifier__max_features': 'sqrt', 'classifier__min_samples_leaf': 1, 'classifier__min_samples_split': 10, 'classifier__n_estimators': 100}",0.4648590350194435,0.4602121600334373,0.4268009433305486,0.46854847148562345,0.4896028514933099,0.46200469227247254,0.020273844345265822,24,0.7848912040172209,0.786207991371513,0.7887803774970177,0.7793301121616046,0.7929337225818958,0.7864286815258504,0.004486608102663118
1.4433673858642577,0.15087128937979816,0.4450263500213623,0.03446895981614696,10,log2,5,10,200,"{'classifier__max_depth': 10, 'classifier__max_features': 'log2', 'classifier__min_samples_leaf': 5, 'classifier__min_samples_split': 10, 'classifier__n_estimators': 200}",0.4605562032298889,0.4211611777744415,0.42558345428895317,0.4486291256948429,0.47066330107191306,0.44531865241200796,0.019279808244890763,25,0.6803419110018037,0.6740993003460898,0.6808779608817566,0.671405492527463,0.6896247098973228,0.6792698749308872,0.006317296274025613
1.6044235229492188,0.1603268082123523,0.332747220993042,0.05149926385684509,10,log2,5,2,200,"{'classifier__max_depth': 10, 'classifier__max_features': 'log2', 'classifier__min_samples_leaf': 5, 'classifier__min_samples_split': 2, 'classifier__n_estimators': 200}",0.4605562032298889,0.4211611777744415,0.42558345428895317,0.4486291256948429,0.47066330107191306,0.44531865241200796,0.019279808244890763,25,0.6803419110018037,0.6740993003460898,0.6808779608817566,0.671405492527463,0.6896247098973228,0.6792698749308872,0.006317296274025613
0.9653913497924804,0.12381878752031582,0.3291306018829346,0.08627620807271151,10,sqrt,5,2,100,"{'classifier__max_depth': 10, 'classifier__max_features': 'sqrt', 'classifier__min_samples_leaf': 5, 'classifier__min_samples_split': 2, 'classifier__n_estimators': 100}",0.43215722473514634,0.42417322927845463,0.4317496163327697,0.4525386738659935,0.48064669946926136,0.4442530887363251,0.020488988882083906,27,0.7039264708892551,0.691543918334339,0.6916811221296607,0.7036103571485665,0.724983810276163,0.7031491357555969,0.012196445338062523
1.075829553604126,0.07636108942953376,0.37270050048828124,0.08710910573835745,10,sqrt,5,10,100,"{'classifier__max_depth': 10, 'classifier__max_features': 'sqrt', 'classifier__min_samples_leaf': 5, 'classifier__min_samples_split': 10, 'classifier__n_estimators': 100}",0.43215722473514634,0.42417322927845463,0.4317496163327697,0.4525386738659935,0.48064669946926136,0.4442530887363251,0.020488988882083906,27,0.7039264708892551,0.691543918334339,0.6916811221296607,0.7036103571485665,0.724983810276163,0.7031491357555969,0.012196445338062523
1.5200984477996826,0.20545296959751047,0.4632772922515869,0.07105643773735115,10,sqrt,5,2,200,"{'classifier__max_depth': 10, 'classifier__max_features': 'sqrt', 'classifier__min_samples_leaf': 5, 'classifier__min_samples_split': 2, 'classifier__n_estimators': 200}",0.4448354471053011,0.43034358248957716,0.4235190173995867,0.4335350967220253,0.46689999951628325,0.4398266286465547,0.01518884719494881,29,0.720352527075374,0.6925675728073596,0.7021226637055945,0.7061091417694835,0.7272437039752632,0.7096791218666149,0.01253065084057712
1.5519807815551758,0.12755641941783497,0.3043565273284912,0.025932251896007136,10,sqrt,5,10,200,"{'classifier__max_depth': 10, 'classifier__max_features': 'sqrt', 'classifier__min_samples_leaf': 5, 'classifier__min_samples_split': 10, 'classifier__n_estimators': 200}",0.4448354471053011,0.43034358248957716,0.4235190173995867,0.4335350967220253,0.46689999951628325,0.4398266286465547,0.01518884719494881,29,0.720352527075374,0.6925675728073596,0.7021226637055945,0.7061091417694835,0.7272437039752632,0.7096791218666149,0.01253065084057712
0.8278634548187256,0.08403803574150666,0.3290745258331299,0.02858303354731958,10,log2,5,10,100,"{'classifier__max_depth': 10, 'classifier__max_features': 'log2', 'classifier__min_samples_leaf': 5, 'classifier__min_samples_split': 10, 'classifier__n_estimators': 100}",0.42666704706526515,0.4197351023626827,0.4145958269226286,0.46798874833735987,0.44767414731115296,0.43533217439981786,0.019834945481309537,31,0.6584231770182258,0.6506135811797688,0.6682931598418006,0.6581631754181235,0.6780363171667664,0.662705882124937,0.009502014525991902
0.9541753768920899,0.09092368079208733,0.2503973484039307,0.058042892574762146,10,log2,5,2,100,"{'classifier__max_depth': 10, 'classifier__max_features': 'log2', 'classifier__min_samples_leaf': 5, 'classifier__min_samples_split': 2, 'classifier__n_estimators': 100}",0.42666704706526515,0.4197351023626827,0.4145958269226286,0.46798874833735987,0.44767414731115296,0.43533217439981786,0.019834945481309537,31,0.6584231770182258,0.6506135811797688,0.6682931598418006,0.6581631754181235,0.6780363171667664,0.662705882124937,0.009502014525991902
1.438068962097168,0.07005751626560923,0.2697309970855713,0.019859168574317212,5,log2,1,2,200,"{'classifier__max_depth': 5, 'classifier__max_features': 'log2', 'classifier__min_samples_leaf': 1, 'classifier__min_samples_split': 2, 'classifier__n_estimators': 200}",0.3981059135103921,0.3894476128237443,0.3680917201243276,0.39430961036201917,0.4583806339251906,0.4016670981491348,0.030198879561721723,33,0.5981795812893178,0.614948326710348,0.6116186206650096,0.5854304352997607,0.6219976033916914,0.6064349134712256,0.013045190343576516
0.8421228885650635,0.18399791445301844,0.2608201026916504,0.036620836540587995,5,sqrt,1,2,100,"{'classifier__max_depth': 5, 'classifier__max_features': 'sqrt', 'classifier__min_samples_leaf': 1, 'classifier__min_samples_split': 2, 'classifier__n_estimators': 100}",0.3880264926664256,0.40811300233764464,0.3899112654320988,0.3920553919600232,0.41335592846189123,0.3982924161716167,0.010371949279789131,34,0.5629890749170184,0.5930788356260308,0.5843375837550656,0.5761126033519308,0.5958627854701356,0.5824761766240363,0.011960975784170786
0.9122632026672364,0.11443817557023304,0.23658809661865235,0.05429370217838881,5,log2,1,2,100,"{'classifier__max_depth': 5, 'classifier__max_features': 'log2', 'classifier__min_samples_leaf': 1, 'classifier__min_samples_split': 2, 'classifier__n_estimators': 100}",0.3891124444808504,0.3976255603143725,0.36728029002467383,0.4002914250517302,0.4287281587993139,0.39660757573418814,0.019812145640670704,35,0.5645019825208518,0.5915908117176111,0.5788978878578322,0.5562790607553589,0.6001668818957931,0.5782873249494894,0.016312387428789335
1.1382361888885497,0.0952628329018233,0.35881552696228025,0.04584907403050019,5,sqrt,1,2,200,"{'classifier__max_depth': 5, 'classifier__max_features': 'sqrt', 'classifier__min_samples_leaf': 1, 'classifier__min_samples_split': 2, 'classifier__n_estimators': 200}",0.38094652354102115,0.38759660531093115,0.37003257728199035,0.39125712801478346,0.43115455968002214,0.3921974787657497,0.020772930947253788,36,0.5789837702117492,0.600504852206751,0.5812518165864601,0.5837051489905716,0.6084887966876725,0.5905868769366409,0.01173012004342111
1.4590101718902588,0.13399883020684408,0.31491737365722655,0.09206553853881781,5,log2,1,10,200,"{'classifier__max_depth': 5, 'classifier__max_features': 'log2', 'classifier__min_samples_leaf': 1, 'classifier__min_samples_split': 10, 'classifier__n_estimators': 200}",0.3951589588030579,0.40862300503741267,0.3540587487575502,0.37451359810514734,0.4207046061659227,0.3906117833738182,0.02385763945741052,37,0.5470851665164038,0.5810903343688189,0.565513612885058,0.5288905292523247,0.5598721461194806,0.5564903578284172,0.017596719186804916
0.9333409786224365,0.07995432265976772,0.2267467975616455,0.028127394032720656,5,log2,1,10,100,"{'classifier__max_depth': 5, 'classifier__max_features': 'log2', 'classifier__min_samples_leaf': 1, 'classifier__min_samples_split': 10, 'classifier__n_estimators': 100}",0.3773921008227393,0.3828379066230272,0.35277354130754873,0.39619661807129614,0.4071189279731993,0.38326381895956213,0.01844255419084112,38,0.5256891484875008,0.5571516947124314,0.5491482753129503,0.5166572169668514,0.5389908495469519,0.5375274370053372,0.01481896156469434
1.4734797477722168,0.10482222438019216,0.3071967601776123,0.024027207288484186,5,sqrt,1,10,200,"{'classifier__max_depth': 5, 'classifier__max_features': 'sqrt', 'classifier__min_samples_leaf': 1, 'classifier__min_samples_split': 10, 'classifier__n_estimators': 200}",0.36713035083848194,0.3506519828178085,0.35758145290487703,0.37864029051987763,0.419093787925869,0.3746195730013828,0.024145199633670154,39,0.5455433415461134,0.5793962948101837,0.5359467977792892,0.5288031456877366,0.5291571801154181,0.5437693519877482,0.01882084666539516
0.7522988796234131,0.13184204405582126,0.22353515625,0.05147568273859349,5,sqrt,5,2,100,"{'classifier__max_depth': 5, 'classifier__max_features': 'sqrt', 'classifier__min_samples_leaf': 5, 'classifier__min_samples_split': 2, 'classifier__n_estimators': 100}",0.40314185432829214,0.3548498079659565,0.3489942146675394,0.36267208633548226,0.38679400275871734,0.3712903932111975,0.02047713416743885,40,0.513129772880819,0.5411813138055814,0.4825051357595223,0.5097132198319911,0.513335448726994,0.5119729782009815,0.018599901154024333
0.9486394405364991,0.12885164846306463,0.28937792778015137,0.061664351831211855,5,sqrt,5,10,100,"{'classifier__max_depth': 5, 'classifier__max_features': 'sqrt', 'classifier__min_samples_leaf': 5, 'classifier__min_samples_split': 10, 'classifier__n_estimators': 100}",0.40314185432829214,0.3548498079659565,0.3489942146675394,0.36267208633548226,0.38679400275871734,0.3712903932111975,0.02047713416743885,40,0.513129772880819,0.5411813138055814,0.4825051357595223,0.5097132198319911,0.513335448726994,0.5119729782009815,0.018599901154024333
1.334273910522461,0.13679207768423202,0.2885241985321045,0.043805670784980204,5,log2,5,2,200,"{'classifier__max_depth': 5, 'classifier__max_features': 'log2', 'classifier__min_samples_leaf': 5, 'classifier__min_samples_split': 2, 'classifier__n_estimators': 200}",0.37487727911434493,0.38208827904551584,0.34369555433430327,0.3582557524310286,0.39590316329985287,0.3709640056450091,0.018254275603831353,42,0.5020257985766602,0.5519881916971482,0.5119146508726296,0.49647680761883467,0.5225332927189369,0.5169877482968419,0.019626915425287796
1.370495367050171,0.11055474074907577,0.28805832862854003,0.057172423689232886,5,log2,5,10,200,"{'classifier__max_depth': 5, 'classifier__max_features': 'log2', 'classifier__min_samples_leaf': 5, 'classifier__min_samples_split': 10, 'classifier__n_estimators': 200}",0.37487727911434493,0.38208827904551584,0.34369555433430327,0.3582557524310286,0.39590316329985287,0.3709640056450091,0.018254275603831353,42,0.5020257985766602,0.5519881916971482,0.5119146508726296,0.49647680761883467,0.5225332927189369,0.5169877482968419,0.019626915425287796
0.7965724468231201,0.13482831753901592,0.4239501476287842,0.132608945385235,5,log2,5,2,100,"{'classifier__max_depth': 5, 'classifier__max_features': 'log2', 'classifier__min_samples_leaf': 5, 'classifier__min_samples_split': 2, 'classifier__n_estimators': 100}",0.34568404116697105,0.3611288674617051,0.34404654094777126,0.3881039442021357,0.4106532332920792,0.3699233254141324,0.025783536068859664,44,0.4690668016783473,0.5397590442385815,0.5037214381456369,0.5069634568023766,0.49302302945971777,0.502506754064932,0.022878995729237076
0.7523129940032959,0.06075203864424827,0.312091588973999,0.07021061042120069,5,log2,5,10,100,"{'classifier__max_depth': 5, 'classifier__max_features': 'log2', 'classifier__min_samples_leaf': 5, 'classifier__min_samples_split': 10, 'classifier__n_estimators': 100}",0.34568404116697105,0.3611288674617051,0.34404654094777126,0.3881039442021357,0.4106532332920792,0.3699233254141324,0.025783536068859664,44,0.4690668016783473,0.5397590442385815,0.5037214381456369,0.5069634568023766,0.49302302945971777,0.502506754064932,0.022878995729237076
1.5722005367279053,0.1061592967280525,0.3091911792755127,0.042794757898803895,5,sqrt,5,2,200,"{'classifier__max_depth': 5, 'classifier__max_features': 'sqrt', 'classifier__min_samples_leaf': 5, 'classifier__min_samples_split': 2, 'classifier__n_estimators': 200}",0.38374035867019646,0.3489788194106431,0.35052706561728986,0.3595751023491202,0.39705139102142284,0.3679745474137345,0.019130220174156484,46,0.5149109221296201,0.5457873882185579,0.49311928176216896,0.4935495540296329,0.5107531385688414,0.5116240569417643,0.01922399305800639
1.556895637512207,0.06096850991156958,0.3685117721557617,0.07759537316605032,5,sqrt,5,10,200,"{'classifier__max_depth': 5, 'classifier__max_features': 'sqrt', 'classifier__min_samples_leaf': 5, 'classifier__min_samples_split': 10, 'classifier__n_estimators': 200}",0.38374035867019646,0.3489788194106431,0.35052706561728986,0.3595751023491202,0.39705139102142284,0.3679745474137345,0.019130220174156484,46,0.5149109221296201,0.5457873882185579,0.49311928176216896,0.4935495540296329,0.5107531385688414,0.5116240569417643,0.01922399305800639
0.8737496852874755,0.16573204978201464,0.2857357978820801,0.04586703192537331,5,sqrt,1,10,100,"{'classifier__max_depth': 5, 'classifier__max_features': 'sqrt', 'classifier__min_samples_leaf': 1, 'classifier__min_samples_split': 10, 'classifier__n_estimators': 100}",0.3548486387542355,0.3629316006269104,0.36564980757638876,0.3648554313464974,0.3914785133301528,0.36795279832683697,0.01237164612709836,48,0.5176259812772429,0.5762161091265212,0.5200166100310436,0.5153940831002851,0.5417121668654156,0.5341929900801017,0.02302744010750426
